{
    "timestamp": "2025-05-06T15:47:31.053100",
    "total_combinations": 16,
    "best_f1": 0.8309168702285618,
    "best_params": {
        "model_name": "efficientnet_V2",
        "learning_rate": 0.0001,
        "batch_size": 16,
        "weight_decay": 0.0001,
        "optimizer": "adamw",
        "scheduler": true,
        "dropout_rate": 0.2
    },
    "all_results": [
        {
            "params": {
                "model_name": "efficientnet_b0",
                "learning_rate": 0.0005,
                "batch_size": 16,
                "weight_decay": 0.0001,
                "optimizer": "adamw",
                "scheduler": true,
                "dropout_rate": 0
            },
            "avg_f1": 0.7439488594163962,
            "std_f1": 0.012176342723438148,
            "mean_acc": 0.7403008709422011,
            "std_acc": 0.018911434540769902,
            "f1_scores": [
                0.7495601192156088,
                0.7270442825427339,
                0.7552421764908459
            ],
            "acc_scores": [
                0.7505938242280286,
                0.7137767220902613,
                0.7565320665083136
            ],
            "memory_used_GB": 1.523959296,
            "time_taken": 718.5590357780457
        },
        {
            "params": {
                "model_name": "efficientnet_b0",
                "learning_rate": 0.0005,
                "batch_size": 16,
                "weight_decay": 0.0001,
                "optimizer": "adamw",
                "scheduler": true,
                "dropout_rate": 0.2
            },
            "avg_f1": 0.7393717542774182,
            "std_f1": 0.009508436958326108,
            "mean_acc": 0.7288202692003166,
            "std_acc": 0.021516513446874438,
            "f1_scores": [
                0.7525933364071249,
                0.7348841411552397,
                0.7306377852698903
            ],
            "acc_scores": [
                0.7529691211401426,
                0.7007125890736342,
                0.7327790973871734
            ],
            "memory_used_GB": 1.523959296,
            "time_taken": 720.8901968002319
        },
        {
            "params": {
                "model_name": "efficientnet_b0",
                "learning_rate": 0.0005,
                "batch_size": 16,
                "weight_decay": 0,
                "optimizer": "adamw",
                "scheduler": true,
                "dropout_rate": 0
            },
            "avg_f1": 0.7414630499173344,
            "std_f1": 0.012448609701236735,
            "mean_acc": 0.7387173396674585,
            "std_acc": 0.013471654415814367,
            "f1_scores": [
                0.7464598569857273,
                0.7535840090430329,
                0.7243452837232429
            ],
            "acc_scores": [
                0.7494061757719715,
                0.7470308788598575,
                0.7197149643705464
            ],
            "memory_used_GB": 1.523959296,
            "time_taken": 719.9405229091644
        },
        {
            "params": {
                "model_name": "efficientnet_b0",
                "learning_rate": 0.0005,
                "batch_size": 16,
                "weight_decay": 0,
                "optimizer": "adamw",
                "scheduler": true,
                "dropout_rate": 0.2
            },
            "avg_f1": 0.7416649879087721,
            "std_f1": 0.005112132529936797,
            "mean_acc": 0.7434679334916865,
            "std_acc": 0.004226871833741625,
            "f1_scores": [
                0.7345173831698263,
                0.7461793530764177,
                0.7442982274800723
            ],
            "acc_scores": [
                0.7375296912114014,
                0.7470308788598575,
                0.7458432304038005
            ],
            "memory_used_GB": 1.523959296,
            "time_taken": 719.9450926780701
        },
        {
            "params": {
                "model_name": "efficientnet_b0",
                "learning_rate": 0.0001,
                "batch_size": 16,
                "weight_decay": 0.0001,
                "optimizer": "adamw",
                "scheduler": true,
                "dropout_rate": 0
            },
            "avg_f1": 0.7843802473495035,
            "std_f1": 0.006895655916963702,
            "mean_acc": 0.7822644497228821,
            "std_acc": 0.008360535266010667,
            "f1_scores": [
                0.7769612630957928,
                0.7935709902706694,
                0.7826084886820484
            ],
            "acc_scores": [
                0.7731591448931117,
                0.7933491686460808,
                0.7802850356294537
            ],
            "memory_used_GB": 1.523959296,
            "time_taken": 722.1607253551483
        },
        {
            "params": {
                "model_name": "efficientnet_b0",
                "learning_rate": 0.0001,
                "batch_size": 16,
                "weight_decay": 0.0001,
                "optimizer": "adamw",
                "scheduler": true,
                "dropout_rate": 0.2
            },
            "avg_f1": 0.7798567601162172,
            "std_f1": 0.009586256736366885,
            "mean_acc": 0.7802850356294537,
            "std_acc": 0.009250452450948505,
            "f1_scores": [
                0.7933985446923344,
                0.7725295134502362,
                0.7736422222060807
            ],
            "acc_scores": [
                0.7933491686460808,
                0.7731591448931117,
                0.7743467933491687
            ],
            "memory_used_GB": 1.523959296,
            "time_taken": 722.1307172775269
        },
        {
            "params": {
                "model_name": "efficientnet_b0",
                "learning_rate": 0.0001,
                "batch_size": 16,
                "weight_decay": 0,
                "optimizer": "adamw",
                "scheduler": true,
                "dropout_rate": 0
            },
            "avg_f1": 0.7825198466036061,
            "std_f1": 0.005434140233270102,
            "mean_acc": 0.7814726840855107,
            "std_acc": 0.003496342385719666,
            "f1_scores": [
                0.777669315678667,
                0.7901073869930748,
                0.7797828371390764
            ],
            "acc_scores": [
                0.7779097387173397,
                0.7862232779097388,
                0.7802850356294537
            ],
            "memory_used_GB": 1.523959296,
            "time_taken": 720.7826228141785
        },
        {
            "params": {
                "model_name": "efficientnet_b0",
                "learning_rate": 0.0001,
                "batch_size": 16,
                "weight_decay": 0,
                "optimizer": "adamw",
                "scheduler": true,
                "dropout_rate": 0.2
            },
            "avg_f1": 0.7868851720481397,
            "std_f1": 0.005762958673153928,
            "mean_acc": 0.7874109263657957,
            "std_acc": 0.006055842652722992,
            "f1_scores": [
                0.7948023664041101,
                0.7846017059545961,
                0.7812514437857128
            ],
            "acc_scores": [
                0.7957244655581948,
                0.7850356294536818,
                0.7814726840855107
            ],
            "memory_used_GB": 1.523959296,
            "time_taken": 720.9707210063934
        },
        {
            "params": {
                "model_name": "efficientnet_V2",
                "learning_rate": 0.0005,
                "batch_size": 16,
                "weight_decay": 0.0001,
                "optimizer": "adamw",
                "scheduler": true,
                "dropout_rate": 0
            },
            "avg_f1": 0.7164454362662874,
            "std_f1": 0.00805647735085945,
            "mean_acc": 0.6991290577988916,
            "std_acc": 0.015765881038590564,