{
    "timestamp": "20250523_042038",
    "total_combinations": 16,
    "best_f1": 0.0033918417852672536,
    "best_params": {
        "model_name": "efficientnet_b0",
        "learning_rate": 0.0001,
        "batch_size": 16,
        "weight_decay": 0,
        "optimizer": "adamw",
        "scheduler": true,
        "dropout_rate": 0.2
    },
    "all_results": [
        {
            "params": {
                "model_name": "efficientnet_b0",
                "learning_rate": 0.0005,
                "batch_size": 16,
                "weight_decay": 0.0001,
                "optimizer": "adamw",
                "scheduler": true,
                "dropout_rate": 0
            },
            "avg_f1": 0.002608686950392761,
            "std_f1": 0.00205664636655722,
            "mean_acc": 0.00039254170755642783,
            "std_acc": 0.0007850834151128556,
            "f1_scores": [
                0.003917727710547297,
                0.001958867620878456,
                0.005853624877330717,
                0,
                0.0013132145432073333
            ],
            "acc_scores": [
                0.001962708537782139,
                0.0,
                0.0,
                0.0,
                0.0
            ],
            "memory_used_GB": 1.520126976,
            "time_taken": 1336.1840560436249
        },
        {
            "params": {
                "model_name": "efficientnet_b0",
                "learning_rate": 0.0005,
                "batch_size": 16,
                "weight_decay": 0.0001,
                "optimizer": "adamw",
                "scheduler": true,
                "dropout_rate": 0.2
            },
            "avg_f1": 0.0007789738165516662,
            "std_f1": 0.0015579476331033322,
            "mean_acc": 0.0,
            "std_acc": 0.0,
            "f1_scores": [
                0,
                0.003894869082758331,
                0,
                0,
                0
            ],
            "acc_scores": [
                0.0,
                0.0,
                0.0,
                0.0,
                0.0
            ],
            "memory_used_GB": 1.520126976,
            "time_taken": 790.255158662796
        },
        {
            "params": {
                "model_name": "efficientnet_b0",
                "learning_rate": 0.0005,
                "batch_size": 16,
                "weight_decay": 0,
                "optimizer": "adamw",
                "scheduler": true,
                "dropout_rate": 0
            },
            "avg_f1": 0.0011757039125760895,
            "std_f1": 0.001567284061804535,
            "mean_acc": 0.0,
            "std_acc": 0.0,
            "f1_scores": [
                0.003917727710547297,
                0,
                0,
                0.00196079185233315,
                0
            ],
            "acc_scores": [
                0.0,
                0.0,
                0.0,
                0.0,
                0.0
            ],
            "memory_used_GB": 1.520126976,
            "time_taken": 846.3232507705688
        },
        {
            "params": {
                "model_name": "efficientnet_b0",
                "learning_rate": 0.0005,
                "batch_size": 16,
                "weight_decay": 0,
                "optimizer": "adamw",
                "scheduler": true,
                "dropout_rate": 0.2
            },
            "avg_f1": 0.0007835470483513824,
            "std_f1": 0.000959645228962373,
            "mean_acc": 0.0,
            "std_acc": 0.0,
            "f1_scores": [
                0.001958867620878456,
                0,
                0.001958867620878456,
                0,
                0
            ],
            "acc_scores": [
                0.0,
                0.0,
                0.0,
                0.0,
                0.0
            ],
            "memory_used_GB": 1.520126976,
            "time_taken": 1310.50892162323
        },
        {
            "params": {
                "model_name": "efficientnet_b0",
                "learning_rate": 0.0001,
                "batch_size": 16,
                "weight_decay": 0.0001,
                "optimizer": "adamw",
                "scheduler": true,
                "dropout_rate": 0
            },
            "avg_f1": 0.0014361329492609976,
            "std_f1": 0.002039212511508958,
            "mean_acc": 0.0,
            "std_acc": 0.0,
            "f1_scores": [
                0.001958867620878456,
                0,
                0,
                0,
                0.005221797125426532
            ],
            "acc_scores": [
                0.0,
                0.0,
                0.0,
                0.0,
                0.0
            ],
            "memory_used_GB": 1.520126976,
            "time_taken": 816.1193022727966
        },
        {
            "params": {
                "model_name": "efficientnet_b0",
                "learning_rate": 0.0001,
                "batch_size": 16,
                "weight_decay": 0.0001,
                "optimizer": "adamw",
                "scheduler": true,
                "dropout_rate": 0.2
            },
            "avg_f1": 0.002217156997130926,
            "std_f1": 0.0015191035276111843,
            "mean_acc": 0.00019627085377821392,
            "std_acc": 0.0003925417075564278,
            "f1_scores": [
                0.003917727710547297,
                0.0019550417075564278,
                0.003902416584887144,
                0,
                0.00131059898266376
            ],
            "acc_scores": [
                0.0,
                0.0,
                0.0009813542688910696,
                0.0,
                0.0
            ],
            "memory_used_GB": 1.520126976,
            "time_taken": 874.6397337913513
        },
        {
            "params": {
                "model_name": "efficientnet_b0",
                "learning_rate": 0.0001,
                "batch_size": 16,
                "weight_decay": 0,
                "optimizer": "adamw",
                "scheduler": true,
                "dropout_rate": 0
            },
            "avg_f1": 0.001698793476686249,
            "std_f1": 0.001522955811947778,
            "mean_acc": 0.00019627085377821392,
            "std_acc": 0.0003925417075564278,
            "f1_scores": [
                0.003913901797225269,
                0,
                0.001958867620878456,
                0,
                0.00262119796532752
            ],
            "acc_scores": [
                0.0,
                0.0,
                0.0009813542688910696,
                0.0,
                0.0
            ],
            "memory_used_GB": 1.520126976,
            "time_taken": 961.0723593235016
        },
        {
            "params": {
                "model_name": "efficientnet_b0",
                "learning_rate": 0.0001,
                "batch_size": 16,
                "weight_decay": 0,
                "optimizer": "adamw",
                "scheduler": true,
                "dropout_rate": 0.2
            },
            "avg_f1": 0.0033918417852672536,
            "std_f1": 0.0016157247951213934,
            "mean_acc": 0.00039254170755642783,
            "std_acc": 0.0007850834151128556,
            "f1_scores": [
                0.003910075913322028,
                0.003910090799744652,
                0.005868921028828002,
                0.001956932085211295,
                0.0013131890992302891
            ],
            "acc_scores": [
                0.0,
                0.0,
                0.001962708537782139,
                0.0,
                0.0
            ],
            "memory_used_GB": 1.520126976,
            "time_taken": 902.5563142299652
        },
        {
            "params": {
                "model_name": "efficientnet_V2",
                "learning_rate": 0.0005,
                "batch_size": 16,
                "weight_decay": 0.0001,