{
    "timestamp": "20250523_170036",
    "total_combinations": 16,
    "best_f1": 0.817078783921515,
    "best_params": {
        "model_name": "efficientnet_V2",
        "learning_rate": 0.0001,
        "batch_size": 32,
        "weight_decay": 0.0001,
        "optimizer": "adamw",
        "scheduler": true,
        "dropout_rate": 0
    },
    "all_results": [
        {
            "params": {
                "model_name": "efficientnet_b0",
                "learning_rate": 0.0005,
                "batch_size": 32,
                "weight_decay": 0.0001,
                "optimizer": "adamw",
                "scheduler": true,
                "dropout_rate": 0
            },
            "avg_f1": 0.7769004446168196,
            "std_f1": 0.01113970255313399,
            "mean_acc": 0.7696831749717393,
            "std_acc": 0.00885297738509322,
            "f1_scores": [
                0.759783059903291,
                0.7810970009260085,
                0.7773968901145208,
                0.7723325660996613,
                0.7938927060406166
            ],
            "acc_scores": [
                0.7605633802816901,
                0.7657266811279827,
                0.7700650759219089,
                0.7657266811279827,
                0.7863340563991323
            ],
            "memory_used_GB": 2.9714397184,
            "time_taken": 1861.8171632289886
        },
        {
            "params": {
                "model_name": "efficientnet_b0",
                "learning_rate": 0.0005,
                "batch_size": 32,
                "weight_decay": 0.0001,
                "optimizer": "adamw",
                "scheduler": true,
                "dropout_rate": 0.2
            },
            "avg_f1": 0.7762628240497486,
            "std_f1": 0.006220014400005406,
            "mean_acc": 0.7668632183556874,
            "std_acc": 0.006635982648058601,
            "f1_scores": [
                0.7669053220085744,
                0.774775040655553,
                0.7739601146438169,
                0.7852790742236112,
                0.780394568717187
            ],
            "acc_scores": [
                0.7605633802816901,
                0.7581344902386118,
                0.7678958785249458,
                0.7722342733188721,
                0.7754880694143167
            ],
            "memory_used_GB": 2.9714603008000005,
            "time_taken": 1778.561321258545
        },
        {
            "params": {
                "model_name": "efficientnet_b0",
                "learning_rate": 0.0005,
                "batch_size": 32,
                "weight_decay": 0,
                "optimizer": "adamw",
                "scheduler": true,
                "dropout_rate": 0
            },
            "avg_f1": 0.7707694572521584,
            "std_f1": 0.012112546482573034,
            "mean_acc": 0.7683828316134081,
            "std_acc": 0.012166621830683452,
            "f1_scores": [
                0.7569088430229532,
                0.7663779824254344,
                0.761320799014764,
                0.7895808988638104,
                0.7796587629338296
            ],
            "acc_scores": [
                0.7551462621885157,
                0.7657266811279827,
                0.7570498915401301,
                0.7874186550976139,
                0.7765726681127982
            ],
            "memory_used_GB": 2.97146112,
            "time_taken": 1541.0167429447174
        },
        {
            "params": {
                "model_name": "efficientnet_b0",
                "learning_rate": 0.0005,
                "batch_size": 32,
                "weight_decay": 0,
                "optimizer": "adamw",
                "scheduler": true,
                "dropout_rate": 0.2
            },
            "avg_f1": 0.7751744303548443,
            "std_f1": 0.004498799554556189,
            "mean_acc": 0.7722838616884018,
            "std_acc": 0.006011154850384609,
            "f1_scores": [
                0.7731689378424589,
                0.771349326099047,
                0.7741069519842925,
                0.7839905590355126,
                0.7732563768129107
            ],
            "acc_scores": [
                0.771397616468039,
                0.7657266811279827,
                0.7678958785249458,
                0.7830802603036877,
                0.7733188720173536
            ],
            "memory_used_GB": 2.971474432,
            "time_taken": 1739.3931574821472
        },
        {
            "params": {
                "model_name": "efficientnet_b0",
                "learning_rate": 0.0001,
                "batch_size": 32,
                "weight_decay": 0.0001,
                "optimizer": "adamw",
                "scheduler": true,
                "dropout_rate": 0
            },
            "avg_f1": 0.7735772660804567,
            "std_f1": 0.012148300333257294,
            "mean_acc": 0.7653457202416905,
            "std_acc": 0.01043758968786302,
            "f1_scores": [
                0.7597591017237529,
                0.7789440447530185,
                0.7699843784229949,
                0.7943085992545211,
                0.7648902062479962
            ],
            "acc_scores": [
                0.7562296858071506,
                0.7689804772234273,
                0.7603036876355749,
                0.7841648590021693,
                0.7570498915401301
            ],
            "memory_used_GB": 2.971474432,
            "time_taken": 1703.9275319576263
        },
        {
            "params": {
                "model_name": "efficientnet_b0",
                "learning_rate": 0.0001,
                "batch_size": 32,
                "weight_decay": 0.0001,
                "optimizer": "adamw",
                "scheduler": true,
                "dropout_rate": 0.2
            },
            "avg_f1": 0.7783175058832862,
            "std_f1": 0.011556371807262456,
            "mean_acc": 0.7742382544893927,
            "std_acc": 0.01181386718610659,
            "f1_scores": [
                0.7644101887541898,
                0.7670724295431918,
                0.777377962896072,
                0.7931809063753265,
                0.7895460418476511
            ],
            "acc_scores": [
                0.761646803900325,
                0.7592190889370933,
                0.7776572668112799,
                0.7885032537960954,
                0.7841648590021693
            ],
            "memory_used_GB": 2.971474432,
            "time_taken": 1757.712883234024
        },
        {
            "params": {
                "model_name": "efficientnet_b0",
                "learning_rate": 0.0001,
                "batch_size": 32,
                "weight_decay": 0,
                "optimizer": "adamw",
                "scheduler": true,
                "dropout_rate": 0
            },
            "avg_f1": 0.7658970259446538,
            "std_f1": 0.009776087178332286,
            "mean_acc": 0.7614418699750649,
            "std_acc": 0.008146722342853772,
            "f1_scores": [
                0.7594130655580402,
                0.7571574288076074,
                0.7584057228583645,
                0.7724934146627822,
                0.7820154978364747
            ],
            "acc_scores": [
                0.7529794149512459,
                0.7537960954446855,
                0.7592190889370933,
                0.7668112798264642,
                0.7744034707158352
            ],
            "memory_used_GB": 2.971479552,
            "time_taken": 1485.9384829998016
        },
        {
            "params": {
                "model_name": "efficientnet_b0",
                "learning_rate": 0.0001,
                "batch_size": 32,
                "weight_decay": 0,
                "optimizer": "adamw",
                "scheduler": true,
                "dropout_rate": 0.2
            },
            "avg_f1": 0.7749586479136993,